Postal Codes,Place Name,State,Latitude,Longitude
50000,Anuradhapura,AD,8.35,80.3833
50004,Perimiyankulama,AD,8.2667,80.5333
50006,Galkadawala,AD,8.4,80.3833
50008,Saliyapura,AD,8.3389,80.4333
50012,Viharapalugama,AD,8.4,80.3
50014,Elayapattuwa,AD,8.4,80.3
50016,Tantirimale,AD,8.4,80.3
50020,Pemaduwa,AD,8.2814,80.4588
50022,Mahawilachchiya,AD,8.2814,80.4588
50029,Pandulagama,AD,8.2814,80.4588
50036,Gnanikulama,AD,8.3,80.4333
50042,Sravasthipura,AD,8.2667,80.4333
50044,Hidogama,AD,8.2667,80.4
50046,Nachchaduwa,AD,8.2667,80.4667
50055,Parasangahawewa,AD,8.4333,80.4333
50057,Gambirigaswewa,AD,8.4667,80.3667
50062,Kurundankulama,AD,8.2,80.45
50064,Galkulama,AD,8.2667,80.5
50067,Uttimaduwa,AD,8.25,80.55
50068,Sivalakulama,AD,8.25,80.6333
50072,Tirappane,AD,8.2167,80.3833
50080,Maradankadawala,AD,8.1333,80.4833
50086,Walagambahuwa,AD,8.15,80.5
50088,Labunoruwa,AD,8.1667,80.6
50100,Kekirawa,AD,8.0333,80.6
50104,Tammennawa,AD,8.0333,80.6
50110,Vijithapura,AD,7.4667,80.1333
50111,Palagala,AD,7.4667,80.1333
50112,Andiyagala,AD,7.4667,80.1333
50120,Galkiriyagama,AD,7.9414,80.565
50122,Pubbogama,AD,7.9167,80.6
50124,Halmillawa Dambulla,AD,7.9474,80.594
50126,Maha Elagamuwa,AD,7.9842,80.6169
50130,Madatugama,AD,7.9439,80.6289
50132,Kitulhitiyawa,AD,7.9167,80.6333
50142,Ganewalpola,AD,8.0833,80.6167
50144,Palugaswewa,AD,8.05,80.7
50150,Habarana,AD,8.0333,80.75
50169,Awukana,AD,7.9753,80.5266
50170,Galnewa,AD,8.2,80.3667
50174,Kalankuttiya,AD,8.05,80.3833
50176,Hurigaswewa,AD,8.1333,80.3667
50180,Negampaha,AD,7.9872,80.4597
50182,Maneruwa,AD,7.9142,80.4886
50184,Siyambalewa,AD,7.95,80.5167
50196,Mahabulankulama,AD,7.9753,80.5266
50200,Nochchiyagama,AD,8.2667,80.2
50206,Pahala Halmillewa,AD,8.2167,80.1833
50207,Udunuwara Colony,AD,8.2417,80.1917
50210,Galadivulwewa,AD,7.8,80.0833
50212,Ranorawa,AD,7.8,80.0833
50214,Dunumadalawa,AD,7.8,80.0833
50220,Pahala Maragahawe,AD,8.0667,80.6833
50222,Horiwila,AD,8.0667,80.6833
50224,Gemunupura,AD,8.0667,80.6833
50226,Kalaoya,AD,8.0667,80.6833
50230,Talawa,AD,8.2167,80.35
50232,Karagahawewa,AD,8.2333,80.3167
50236,Malwanagama,AD,8.225,80.3333
50240,Tambuttegama,AD,8.15,80.3
50242,Telhiriyawa,AD,8.15,80.3333
50244,Pahalagama,AD,8.2,80.2833
50246,Rajanganaya,AD,8.1708,80.2833
50248,Angamuwa,AD,8.1833,80.2167
50259,Kiralogama,AD,8.1833,80.3667
50260,Eppawala,AD,8.1167,80.7333
50261,Katiyawa,AD,7.6167,80.55
50262,lhala Halmillewa,AD,7.8667,80.6417
50270,Mahailluppallama,AD,8.106,80.3619
50280,lpologama,AD,8.0833,80.4667
50282,Kagama,AD,8.0833,80.4667
50284,Senapura,AD,8.0833,80.4667
50288,Kalakarambewa,AD,8.0833,80.4667
50300,Mihintale,AD,8.35,80.5
50304,lhalagama,AD,8.35,80.5
50306,Mahakanadarawa,AD,8.35,80.5
50308,Maradankalla,AD,8.35,80.5
50320,Kahatagasdigiliya,AD,8.4167,80.6833
50324,Mulkiriyawa,AD,8.4167,80.6833
50326,Parakumpura,AD,8.4167,80.6833
50327,Mahapothana,AD,8.4167,80.6833
50334,Megodawewa,AD,8.2333,80.7333
50338,Padikaramaduwa,AD,8.2333,80.7333
50339,Namalpura,AD,8.2333,80.7333
50344,Muriyakadawala,AD,8.2333,80.65
50349,Morakewa,AD,8.5,80.7833
50350,Horawpatana,AD,8.4333,80.8667
50354,Parangiyawadiya,AD,8.4833,80.8667
50356,Dematawewa,AD,8.3833,80.8667
50358,Welimuwapotana,AD,8.4333,80.8667
50370,Kapugallawa,AD,8.4233,80.6783
50380,Seeppukulama,AD,8.4,80.6333
50382,Upuldeniya,AD,8.4,80.6333
50384,Mailagaswewa,AD,8.4,80.6333
50386,Rampathwila,AD,8.4,80.6333
50390,Galenbindunuwewa,AD,8.5833,80.55
50392,Getalawa,AD,8.6167,80.5333
50393,Dutuwewa,AD,8.65,80.5167
50394,Hurulunikawewa,AD,8.6167,80.5333
50448,Pandukabayapura,AD,8.4625,80.5417
50450,Rambewa,AD,8.4333,80.5
50452,Kendewa,AD,8.4833,80.6
50454,Kallanchiya,AD,8.45,80.55
50492,Wahamalgollewa,AD,8.4833,80.5167
50500,Kebithigollewa,AD,8.5333,80.4833
50506,Punewa,AD,8.6167,80.4667
50511,Kirigalwewa,AD,8.5595,80.5476
50512,Pihimbiyagolewa,AD,8.5595,80.5476
50514,Rathmalgahawewa,AD,8.5595,80.5476
50516,Walahaviddawewa,AD,8.5595,80.5476
50518,Etaweeragollewa,AD,8.5595,80.5476
50552,Halmillawetiya,AD,8.35,80.2667
50554,Gonahaddenawa,AD,8.5333,80.5083
50556,Kalawedi Ulpotha,AD,8.5333,80.5083
50558,Tittagonewa,AD,8.7167,80.75
50562,Kahatagollewa,AD,8.45,80.65
50564,Wahalkada,AD,8.5667,80.6222
50566,Bogahawewa,AD,8.3167,80.2333
50567,Pulmoddai,AD,8.9333,80.9833
50570,Padaviya,AD,8.5595,80.5476
50572,Padavi Maithripura,AD,8.5595,80.5476
50574,Mahasenpura,AD,8.5595,80.5476
50582,Padavi Parakramapura,AD,8.5595,80.5476
50584,Etawatunuwewa,AD,8.5595,80.5476
50586,Welioya Project,AD,8.5595,80.5476
50587,Padavi Sripura,AD,8.5595,80.5476
50588,Padavi Sritissapura,AD,8.5595,80.5476
32000,Ampara,APR,7.2833,81.6667
32006,Deegawapiya,APR,7.2833,81.6667
32008,Digamadulla Weeragoda,APR,7.2833,81.6667
32010,Hingurana,APR,6.9167,80.4167
32012,Moragahapallama,APR,7.3792,80.4982
32014,Damana,APR,7.8417,80.5797
32016,Madawalalanda,APR,7.3792,80.4982
32018,Mahanagapura,APR,7.3792,80.4982
32022,Pannalagama,APR,7.0667,81.6167
32024,Bakmitiyawa,APR,7.0167,81.65
32031,Paragahakele,APR,7.25,81.6
32032,Polwaga Janapadaya,APR,7.1889,81.5778
32034,Pahalalanda,APR,7.1889,81.5778
32035,Koknahara,APR,7.1833,81.5667
32037,Namaloya,APR,7.1889,81.5778
32038,Devalahinda,APR,7.1889,81.5778
32039,Wadinagala,APR,7.1333,81.5667
32046,Dadayamtalawa,APR,7.65,79.9667
32048,Siyambalawewa,APR,7.65,79.9667
32050,Central Camp,APR,7.3589,81.1759
32060,Uhana,APR,7.3667,81.6333
32062,Werunketagoda,APR,7.5458,81.125
32064,Gonagolla,APR,7.45,81.6333
32066,Galapitagala,APR,8.0833,80.6667
32068,Rajagalatenna,APR,7.5458,81.125
32069,Mangalagama,APR,7.2833,80.5667
32070,Mahaoya,APR,7.5,81.3333
32072,Tempitiya,APR,7.5,81.3333
32074,Kekirihena,APR,7.5,81.3333
32100,Padiyatalawa,APR,7.4,81.2333
32101,Serankada,APR,7.45,81.2833
32102,Kolamanthalawa,APR,7.4,81.2722
32104,Dorakumbura,APR,7.35,81.3
32120,Nawamedagama,APR,7.2125,81.0583
32126,Damanewela,APR,7.2125,81.0583
32150,Dehiattakandiya,APR,7.2125,81.0583
32155,Siripura,APR,7.2125,81.0583
32158,Mawanagama,APR,7.2125,81.0583
32198,Malwatta,APR,6.65,80.4167
32200,Samanthurai,APR,7.3833,81.8333
32250,Karativu,APR,7.3833,81.8333
32280,Sainthamaruthu,APR,7.3833,81.8333
32300,Kalmunai,APR,7.4167,81.8167
32308,Navithanveli,APR,7.4333,81.7833
32314,Marathamune,APR,7.45,81.8167
32316,Periyaneelavanai,APR,7.45,81.8167
32340,Nintavur,APR,7.35,81.85
32350,Addalaichenai,APR,7.4833,81.75
32354,Palamunai,APR,7.4833,81.75
32360,Oluvil,APR,7.2833,81.85
32400,Akkaraipattu,APR,7.2167,81.85
32405,Kannakipuram,APR,7.2167,81.85
32415,Thambiluvil,APR,7.1333,81.85
32418,Komari,APR,6.9833,81.8667
32420,Tirukovil,APR,7.1167,81.85
32450,lmkkamam,APR,7.1125,81.8542
32454,Wanagamuwa,APR,7.1125,81.8542
32500,Pottuvil,APR,6.8667,81.8333
32508,Panama,APR,6.75,81.8
32512,Lahugala,APR,7.4,81.3
32514,Hulannuge,APR,7.4,81.3
30000,Batticaloa,BC,7.7167,81.7
30016,Kannankudah,BC,7.6667,81.6667
30018,Navatkadu,BC,7.5833,81.7167
30022,Pillaiyaradi,BC,7.75,81.6333
30024,Thannamunai,BC,7.75,81.6333
30100,Kattankudi,BC,7.675,81.73
30150,Araipattai,BC,7.6667,81.7333
30158,Puthukudiyiruppu,BC,9.05,79.85
30159,Kirankulam,BC,7.6,81.7667
30160,Kokkaddichcholai,BC,7.8597,81.4411
30162,Ampilanthurai,BC,7.8597,81.4411
30192,Kurukkalmadam,BC,7.5833,81.7833
30194,Cheddipalayam,BC,7.5833,81.7833
30196,Thettativu,BC,7.5833,81.7833
30200,Kaluwanchikudi,BC,7.5167,81.7833
30204,Vellavely,BC,7.5,81.7333
30206,Bakiella,BC,7.5083,81.7583
30220,Mandur,BC,7.4833,81.75
30230,Periyaporativu,BC,7.5167,81.7667
30234,Thirupalugamam,BC,7.525,81.725
30236,Thikkodai,BC,7.5333,81.6833
30238,Navagirinagar,BC,7.525,81.725
30249,Koddaikallar,BC,7.6389,81.6639
30250,Kallar,BC,8.2833,81.2667
30254,Thuraineelavanai,BC,8.2833,81.2667
30300,Eravur,BC,7.7667,81.6
30350,Chenkaladi,BC,7.7833,81.6
30352,Pankudavely,BC,7.75,81.5667
30354,Karadiyanaru,BC,7.7167,81.5333
30358,Periyapullumalai,BC,7.75,81.5667
30362,Ayithiyamalai,BC,7.6167,81.55
30364,Unnichchai,BC,7.6167,81.55
30372,Kaluwankemy,BC,7.8,81.5667
30376,Vantharumoolai,BC,7.8,81.5667
30392,Murakottanchanai,BC,7.8667,81.5333
30394,Kiran,BC,7.8667,81.5333
30400,Valaichenai,BC,7.7,81.6
30410,Kalkudah,BC,8.1167,79.7167
30420,Oddamavadi,BC,7.9167,81.5167
30424,Vakaneri,BC,7.9167,81.4333
30426,Miravodai,BC,7.9,81.5167
30428,Punanai,BC,7.9667,81.3833
30442,Mankemi,BC,7.9833,81.25
30444,Panichankemi,BC,7.9833,81.25
30450,Vakarai,BC,8.1333,81.4333
30456,Kathiraveli,BC,8.2167,81.4
90000,Badulla,BD,6.9833,81.05
90008,Soranatota,BD,7.0167,81.05
90012,Timbirigaspitiya,BD,7.0333,81.05
90013,Egodawela,BD,7.0333,80.65
90014,Taldena,BD,7.0833,81.05
90015,Meegahakiula,BD,7.0833,80.9833
90016,Ketawatta,BD,7.1,81.0833
90017,Arawa,BD,7.1667,81.0833
90019,Baduluoya,BD,7.0833,80.9833
90020,Kandaketya,BD,7.2333,80.4667
90022,Maliyadda,BD,7.2333,80.4667
90026,Rilpola,BD,7.2333,80.4667
90028,Spring Valley,BD,7.2333,80.4667
90034,Wineethagama,BD,7.029,80.937
90042,Nelumgama,BD,7,81.0917
90044,Sirimalgoda,BD,7,81.0917
90046,Kuttiyagolla,BD,7.0167,81.0833
90048,Kendagolla,BD,6.9833,81.1
90052,Kahataruppa,BD,7.0333,81.1167
90060,Hali Ela,BD,6.95,81.0333
90061,Uva Uduwara,BD,7.0333,80.8917
90062,Uva Deegalla,BD,7.0333,80.8917
90063,Jangulla,BD,7.0333,80.8917
90064,Narangala,BD,7.1,80.3667
90065,Galauda,BD,7.0333,80.9833
90066,Beramada,BD,7.05,80.9833
90067,Godunna,BD,7.0667,80.9833
90068,Landewela,BD,7,81
90070,Kandegedara,BD,7.4167,80.0833
90071,Pathanewatta,BD,7.4167,80.0833
90072,Tennepanguwa,BD,7.4167,80.0833
90080,Demodara,BD,6.9,81.05
90082,Gawarawela,BD,6.9,81.0667
90090,Ella,BD,6.8667,81.05
90091,Uva Karandagolla,BD,6.8333,81.0667
90092,Ballaketuwa,BD,6.8667,81.1
90094,Helapupula,BD,6.8556,81.0722
90100,Bandarawela,BD,6.8369,80.9856
90102,Kebillawela,BD,6.8268,81.0178
90104,Dulgolla,BD,6.8268,81.0178
90106,Liyangahawela,BD,6.8268,81.0178
90108,Ambadandegama,BD,6.8167,81.05
90112,Heeloya,BD,6.8212,80.9407
90114,Makulella,BD,6.8212,80.9407
90122,Helahalpe,BD,6.8212,80.9407
90132,Diganatenna,BD,6.8667,80.9667
90134,Mirahawatta,BD,6.8817,80.9347
90138,Pattiyagedara,BD,6.8742,80.9507
90140,Ettampitiya,BD,6.9342,80.9853
90150,Diyatalawa,BD,6.8,80.9667
90160,Haputale,BD,6.7667,80.9667
90164,Ratkarawwa,BD,6.8,80.9167
90165,Nikapotha,BD,6.7333,80.9667
90166,Akkarasiyaya,BD,6.7792,80.9208
90168,Ohiya,BD,6.8167,80.8333
90170,Boralanda,BD,6.8319,80.8883
90171,Pitapola,BD,6.8319,80.8883
90180,Haldummulla,BD,6.7667,80.8833
90183,Soragune,BD,6.8333,80.8778
90184,Kiriwanagama,BD,6.9667,80.9
90186,Kalupahana,BD,6.7667,80.85
90188,Uva Tenna,BD,6.8333,80.8778
90190,Koslanda,BD,6.7333,81.0167
90192,Uva Mawelagama,BD,6.7333,81.0167
90200,Welimada,BD,6.9011,80.9228
90204,Amunumulla,BD,6.7333,80.75
90206,Galedanda,BD,6.9667,79.9333
90208,Gurutalawa,BD,6.8431,80.9228
90212,Puhulpola,BD,6.9,80.9333
90214,Dikkapitiya,BD,6.7381,80.9669
90216,Nugatalawa,BD,6.9,80.8833
90218,Medawela Udukinda,BD,6.846,80.9279
90222,Perawella,BD,6.9333,80.85
90224,Hangunnawa,BD,6.95,80.8833
90226,Uduhawara,BD,6.9667,80.8667
90230,Uvaparanagama,BD,6.8832,80.7912
90300,Ambagasdowa,BD,6.9239,80.8942
90302,Bowela,BD,6.95,80.9333
90310,Lunuwatta,BD,6.9917,80.9475
90322,Bambarapana,BD,7.1167,81.0375
90324,Dimbulana,BD,7,80.95
90326,Ambagahawatta,BD,7.4,81.3
90328,Maspanna,BD,7.0167,80.95
90329,Yalagamuwa,BD,7.05,80.95
90350,Keppetipola,BD,6.6833,80.7667
90352,Kalubululanda,BD,6.6833,80.7667
90354,Bogahakumbura,BD,6.6833,80.7667
90356,Kandepuhulpola,BD,6.6833,80.7667
90358,Hewanakumbura,BD,6.6833,80.7667
90364,Silmiyapura,BD,6.9097,80.8356
90500,Passara,BD,6.9333,81.15
90502,Bibilegama,BD,6.9,81.1333
90504,Miriyabedda,BD,6.9167,81.15
90506,Kotamuduna,BD,6.8833,81.1833
90508,Hingurukaduwa,BD,6.8167,81.15
90512,Gamewela,BD,6.9167,81.2
90518,Medawelagama,BD,6.9167,81.2
90522,Pelagahatenna,BD,6.9594,81.1552
90524,Hopton,BD,6.9594,81.1552
90530,Lunugala,BD,7.0333,81.2
90532,Arawakumbura,BD,7.0667,81.2
90534,Pallekiruwa,BD,7.0167,81.2333
90535,Madulsima,BD,7.0333,81.1667
90540,Metigahatenna,BD,6.9667,81.0833
90542,Atakiriya,BD,7.0667,81.1056
90544,Pitamaruwa,BD,7.1167,81.1333
90546,Kalugahakandura,BD,7.1167,81.1
90580,Namunukula,BD,6.8667,81.1167
90582,Maussagolla,BD,6.9,81.1333
90584,Miyanakandura,BD,6.8667,81.15
90700,Mahiyanganaya,BD,7.2444,81.1167
90702,Uraniya,BD,7.2333,81.1
90704,Ridimaliyadda,BD,7.2333,81.1
90706,Yalwela,BD,7.2667,81.15
90712,Arawatta,BD,7.3333,81.05
90714,Dambana,BD,7.3583,81.1083
90716,Wewatta,BD,7.3833,81.1667
90718,Sorabora Colony,BD,7.3583,81.1083
90722,Aluttaramma,BD,7.2167,81.0667
90724,Hebarawa,BD,7.2167,81.0667
90726,Divulapelessa,BD,7.2167,81.0667
90728,Kuruwitenna,BD,7.2167,81.0667
90730,Mapakadawewa,BD,7.3,81.1167
90734,Uva Tissapura,BD,7.3,81.1167
90736,Aluketiyawa,BD,7.3,81.1167
90738,Keselpotha,BD,7.3,81.1167
90750,Girandurukotte,BD,7.4,81.05
90752,Galporuyaya,BD,7.4,81.05
90754,Malgoda,BD,7.4,81.05
90756,Pahalarathkinda,BD,7.4,81.05
96167,Idalgashinna,BD,6.7833,80.9
90362,Boragas,(BD),6.9097,80.8356
00600,Wellawatta,CO,6.8739,79.8647
00800,Borella,CO,6.8739,79.8647
01300,Kotahena,CO,7.5833,80.55
01500,Mutwal,CO,8.2667,79.75
10100,Sri Jayawardenepu,CO,6.8897,79.9359
10115,Malabe,CO,6.9,79.95
10116,Talawatugoda,CO,6.8692,79.9411
10118,Hokandara,CO,6.8846,79.9456
10120,Battaramulla,CO,6.9,79.9167
10150,Athurugiriya,CO,6.8897,79.9359
10200,Homagama,CO,6.8408,80.0139
10202,Mullegama,CO,6.8833,80.0167
10204,Habarakada,CO,6.8667,80.0167
10206,Pitipana Homagama,CO,6.8477,80.016
10208,Kiriwattuduwa,CO,6.8,80.0167
10230,Pannipitiya,CO,6.85,79.95
10232,Hiripitya,CO,6.85,79.95
10250,Nugegoda,CO,6.8728,79.8908
10280,Maharagama,CO,6.8461,79.9281
10290,Boralesgamuwa,CO,6.8425,79.9006
10300,Piliyandala,CO,6.7981,79.9264
10302,Deltara,CO,6.7833,79.9167
10304,Siddamulla,CO,6.8167,79.9667
10306,Madapatha,CO,6.7669,79.92
10320,Polgasowita,CO,6.7842,79.9811
10350,Dehiwala,CO,6.8514,79.8653
10370,Mount Lavinia,CO,6.8339,79.8644
10400,Moratuwa,CO,6.7733,79.8825
10500,Padukka,CO,6.8325,80.0986
10502,Horagala,CO,6.8,80.05
10504,Meegoda,CO,6.8053,80.0829
10508,Kahawala,CO,6.7833,80.1
10511,Watareka,CO,7.4,80.4333
10513,Batawala,CO,6.8833,80.05
10522,Bope,CO,6.8333,80.1167
10524,Handapangoda,CO,6.7931,80.1417
10526,Batugampola,CO,6.7833,80.15
10600,Kolonnawa,CO,6.9317,79.8944
10620,Mulleriyawa New Town,CO,6.9301,80.0549
10640,Kaduwela,CO,6.9311,79.9736
10650,Hanwella,CO,6.9064,80.0911
10654,Ranala,CO,6.9167,80.0333
10656,Dedigamuwa,CO,6.9115,80.0622
10680,Waga,CO,6.9061,80.1353
10682,Tummodara,CO,6.9061,80.1353
10700,Avissawella,CO,6.9531,80.2183
10704,Napawela,CO,6.9531,80.2183
10712,Puwakpitiya,CO,7.0333,80.0667
10714,Hewainna,CO,7.3333,80.2167
10718,Kalatuwawa,CO,7.6333,80.3667
10730,Kosgama,CO,6.9333,80.1411
10732,Akarawita,CO,6.95,80.1
00200,Slave lsland,CO,7.2969,80.4515
80000,Galle,GL,6.0536,80.2117
80042,Wakwella,GL,6.1,80.1833
80044,Anangoda,GL,6.0722,80.2389
80046,Walahanduwa,GL,6.05,80.25
80048,Ankokkawala,GL,6.0667,80.2833
80054,Gonamulla Junction,GL,6.0667,80.3
80056,Hiyare,GL,6.0667,80.3
80058,Talagampola,GL,6.0667,80.3
80062,Kottawagama,GL,6.1375,80.3419
80064,Nakiyadeniya,GL,6.1375,80.3419
80070,Udugama,GL,6.2147,80.3397
80075,Panangala,GL,6.2606,80.3297
80080,Hiniduma,GL,6.3133,80.3125
80082,Neluwa,GL,6.3833,80.3667
80084,Warukandeniya,GL,6.3833,80.4167
80086,Pannimulla Panagoda,GL,6.36,80.3653
80090,Akmeemana,GL,6.1845,80.3032
80092,Meda-Keembiya,GL,6.1845,80.3032
80100,Wanduramba,GL,6.1381,80.2439
80107,Yatalamatta,GL,6.1667,80.2833
80108,Udalamatta,GL,6.1858,80.3006
80110,Nagoda,GL,6.2,80.2667
80112,Mapalagama,GL,6.2333,80.3333
80114,Parana ThanaYamgoda,GL,6.2167,80.3
80116,Mapalagama Central,GL,6.2167,80.3
80120,Wanchawela,GL,6.0333,80.3167
80122,Angulugaha,GL,6.0333,80.3167
80130,lmaduwa,GL,6.7361,80.4354
80132,Hawpe,GL,6.1222,80.4875
80134,Ihala Walpola,GL,7.35,80.3833
80136,Kananke Bazaar,GL,6.7361,80.4354
80142,Opatha,GL,7.1333,79.9167
80143,Banagala,GL,6.2706,80.42
80144,Malgalla Talangalla,GL,6.5791,80.2233
80146,Halvitigala Colony,GL,6.5791,80.2233
80148,Tawalama,GL,6.3333,80.3333
80150,Yakkalamulla,GL,6.1,80.35
80151,Karagoda,GL,6.1,80.3833
80152,Magedara,GL,6.1,80.4
80168,Uluvitike,GL,6.3056,80.309
80170,Poddala,GL,6.1167,80.2167
80200,Baddegama,GL,6.1667,80.1667
80204,Ampegama,GL,6.2,80.15
80212,Agaliya,GL,6.1833,80.2
80214,Unenwitiya,GL,6.2417,80.225
80216,Weihena,GL,6.3,80.25
80220,Ginimellagaha,GL,6.2233,80.2
80230,Gonapinuwala,GL,6.2233,80.2
80240,Hikkaduwa,GL,6.1403,80.1039
80244,Tiranagama,GL,6.1333,80.1167
80250,Dodanduwa,GL,6.0967,80.1456
80260,Ratgama,GL,6.7333,80.4833
80270,Boossa,GL,6.2233,80.2
80280,Gintota,GL,6.0564,80.1839
80300,Ambalangoda,GL,6.7833,79.9667
80302,Godahena,GL,6.2333,80.0667
80312,Kahawa,GL,6.1833,80.0667
80318,Nindana,GL,6.2,80.1
80320,Batapola,GL,6.2167,80.1167
80328,Kuleegoda,GL,6.2167,80.1167
80330,Meetiyagoda,GL,6.1833,80.1
80332,Aluthwala,GL,6.1833,80.1
80340,Watugedara,GL,6.25,80.05
80350,Uragasmanhandiya,GL,6.3472,80.0992
80352,Uragaha,GL,6.35,80.1167
80354,Rantotuwila,GL,6.3833,80.0833
80360,Karandeniya,GL,6.2667,80.0667
80400,Elpitiya,GL,6.2933,80.1631
80402,Ella Tanabaddegama,GL,6.2922,80.1988
80406,Talgaspe,GL,6.3,80.2
80408,Porawagama,GL,6.2833,80.2333
80416,Nawadagala,GL,6.3167,80.1333
80420,Pitigala,GL,6.35,80.2167
80422,Amugoda,GL,6.3222,80.2203
80424,Mattaka,GL,6.3,80.25
80432,lhalahewessa,GL,6.4415,80.1807
80440,Ganegoda,GL,7.5833,80
80458,Ethkandura,GL,6.4415,80.1807
80460,Kahaduwa,GL,6.2244,80.21
80470,Talgaswela,GL,6.4415,80.1807
80500,Bentota,GL,6.4211,79.9989
80502,Gonagalpura,GL,6.6307,80.0169
80506,Haburugala,GL,6.4,80.0333
80508,Miriswatta,GL,7.0711,80.0183
80510,lnduruwa,GL,6.4681,80.0257
80550,Balapitiya,GL,6.2667,80.0369
80562,Ahungalla,GL,6.3167,80.0333
80570,Kosgoda,GL,6.3333,80.0333
80600,Unawatuna,GL,6.0167,80.25
80615,Talpe,GL,6.0061,80.2961
80630,Habaraduwa,GL,6.0043,80.326
80650,Ahangama,GL,5.9778,80.3744
80654,Dikkumbura,GL,6.0167,80.3833
10660,Pugoda,GQ,6.9703,80.1222
10662,Kapugoda,GQ,6.9486,80.1
10664,Tittapattara,GQ,6.9297,80.0889
11000,Gampaha,GQ,7.0917,79.9942
11010,Ragama,GQ,7.0308,79.9167
11011,Batuwatta,GQ,7.0528,79.9347
11012,Walpola (WP),GQ,7.0418,79.9257
11020,Ganemulla,GQ,7.0667,79.95
11024,Bollete (WP),GQ,7.0667,79.95
11030,Udugampola,GQ,7.1167,79.9833
11033,Madelgamuwa,GQ,7.1167,79.95
11034,Uggalboda,GQ,7.1333,79.95
11040,Bemmulla,GQ,7.1167,80.0167
11043,Pethiyagoda,GQ,7.1167,80.0167
11052,Ambagaspitiya,GQ,7.0833,80.0667
11054,Udathuthiripitiya,GQ,7.075,80.0333
11056,Mudungoda,GQ,7.0667,80
11061,Mandawala,GQ,7.0167,80.0833
11062,Lunugama,GQ,7.2,80.5667
11063,Naranwala,GQ,7,80.0167
11066,Nedungamuwa,GQ,7.05,80.0333
11068,Wanaluwewa,GQ,7.0667,80.175
11100,Veyangoda,GQ,7.1519,80.0633
11102,Dewalapola,GQ,7.1667,80
11104,Wattala,GQ,6.9897,79.8933
11105,Kumbaloluwa,GQ,7.1833,80.0833
11108,Essella,GQ,7.1833,80.0167
11112,Muddaragama,GQ,7.2167,80.05
11114,Mabodale,GQ,7.2,80.0167
11116,Ellakkala,GQ,7.1333,80.1333
11120,Attanagalla,GQ,7.1119,80.1328
11122,Alawala,GQ,7.2,80.3
11126,Urapola,GQ,7.0972,80.1483
11128,Nikahetikanda,GQ,7.1,80.1833
11129,Rukmale,GQ,7.2,80.4833
11134,Bopagama,GQ,7.0833,80.15
11142,Ruggahawila,GQ,7.0667,80.1167
11144,Kahatowita,GQ,7.0667,80.1167
11146,Walgammulla,GQ,7.0667,80.1167
11150,Pallewela,GQ,7.4667,79.9833
11160,Kaleliya,GQ,7.195,80.1136
11200,Mirigama,GQ,7.2414,80.1325
11204,Loluwagoda,GQ,7.3,80.1333
11206,Kitalawalana,GQ,7.3,80.1
11208,Divuldeniya,GQ,7.3,80.1
11212,Ambepussa,GQ,7.25,80.1667
11214,Pamunuwatta,GQ,7.2167,80.1333
11216,Bokalagama,GQ,7.2333,80.15
11222,Nawana,GQ,7.2667,80.1
11224,Kaluaggala,GQ,6.9167,80.1
11226,Walpita,GQ,7.2514,80.0453
11228,Delwagura,GQ,7.2667,80
11232,Kotadeniyawa,GQ,7.2833,80.0667
11234,Mellawagedara,GQ,7.2833,80.0667
11242,Kitulwala,GQ,7.5,80.5333
11244,Banduragoda,GQ,7.2319,80.0678
11250,Divulapitiya,GQ,7.2167,80.0156
11260,Marandagahamula,GQ,7.2447,79.9696
11262,Hunumulla,GQ,7.25,79.9833
11264,Dunagaha,GQ,7.2342,79.9756
11265,Ihala Madampella,GQ,7.25,79.95
11270,Demanhandiya,GQ,7.2333,79.9
11320,Kandana,GQ,7.0478,79.8939
11324,Polpithimukulana,GQ,7.0444,79.8782
11328,Uswetakeiyawa,GQ,7.0411,79.8625
11350,Ja-Ela,GQ,7.0844,79.8947
11354,Niwandama,GQ,7.0833,79.9333
11358,Makewita,GQ,7.1,79.9333
11370,Pamunugama,GQ,7.1006,79.8481
11380,Ekala,GQ,7.1022,79.9131
11390,Kotugoda,GQ,7.1217,79.9297
11400,Raddolugama,GQ,7.1407,79.8782
11410,Seeduwa,GQ,7.1167,79.8833
11420,Katunayake(FTZ),GQ,7.1407,79.8782
11440,Katunayake Air Force Camp,GQ,7.1407,79.8782
11450,Katunayake,GQ,7.1647,79.8731
11500,Negombo,GQ,7.2086,79.8358
11504,Talahena,GQ,7.1667,79.8167
11522,Kimbulapitiya,GQ,7.2064,79.9033
11524,Dagonna,GQ,7.2167,79.9167
11526,Katuwellegama,GQ,7.2167,79.9333
11532,Thimbirigaskatuwa,GQ,7.2669,79.9495
11534,Katana,GQ,7.2517,79.9078
11536,Akaragama,GQ,7.2667,79.95
11538,Badalgama,GQ,7.2822,79.9908
11540,Kochchikade,GQ,7.2581,79.8542
11550,Minuwangoda,GQ,7.1733,79.9619
11558,Andiambalama,GQ,7.1869,79.9
11562,Wegowwa,GQ,7.1667,79.95
11564,Horampella,GQ,7.1667,79.95
11566,Yatiyana(WP),GQ,7.1667,79.95
11568,Hinatiyana Madawala,GQ,7.1667,79.95
11600,Kelaniya,GQ,6.96,79.8978
11607,Siyambalape,GQ,6.9667,79.9833
11618,Heiyanthuduwa,GQ,6.9612,79.9992
11630,GonawalaWP,GQ,6.9612,79.9992
11640,Makola,GQ,6.9694,79.9539
11650,Biyagama,GQ,6.9408,79.9889
11670,Malwana,GQ,6.9492,80.0153
11672,Biyagama IPZ,GQ,6.9492,80.0153
11680,Dompe,GQ,6.9522,80.0542
11690,Dekatana,GQ,6.9678,80.0503
11692,Demalagama,GQ,6.9833,80.05
11700,Delgoda,GQ,6.9833,80.0167
11710,Weliveriya,GQ,6.7167,80.0333
11715,Henegama,GQ,6.7167,80.0333
11720,Buthpitiya,GQ,7.05,80.05
11724,Wathurugama,GQ,7.0421,80.0701
11725,Radawana,GQ,7.0342,80.0903
11730,Kirindiwela,GQ,7.04,80.1336
11734,Hiswella,GQ,7.04,80.1336
11741,Pepiliyawala,GQ,6.9648,80.0648
11742,Mithirigala,GQ,6.9648,80.0648
11830,Peliyagoda,GQ,6.95,79.9
11850,Kadawatha,GQ,7.0258,79.9882
11856,Imbulgoda,GQ,7.035,79.9931
11858,Weboda,GQ,7.0167,79.9833
11870,Yakkala,GQ,7.1167,80.05
11875,Kalagedihena,GQ,7.1167,80.05
11880,Nittambuwa,GQ,7.1389,80.0981
11889,Debahera,GQ,7.1389,80.0981
11890,Pasyala,GQ,7.1642,80.1247
11892,Radawadunna,GQ,7.1833,80.1333
11894,Weweldeniya,GQ,7.1834,80.1446
11896,Danowita,GQ,7.2028,80.1758
82000,Hambantota,HB,6.1167,81.1167
82002,Bundala,HB,6.1833,81.1389
82004,Weligatta,HB,6.2,81.2
82005,Bandagiriya Colony,HB,6.1833,81.1389
82006,Gonnoruwa,HB,6.2333,81.1
82008,Pahala Andarawewa,HB,6.1833,81.1389
82010,Sooriyawewa Town,HB,6.1833,81.1389
82014,Migahajandur,HB,6.1833,81.1389
82016,Mahagalwewa,HB,6.1833,81.1389
82018,Ranmuduwewa,HB,6.1833,81.1389
82100,Ambalantota,HB,6.1167,81.0167
82102,Beragama,HB,6.15,81.0667
82106,RU/Ridiyagama,HB,6.1375,81.0042
82108,Lunama,HB,6.1167,80.9667
82109,Mamadala,HB,6.1667,80.9667
82110,Barawakumbuka,HB,6.1667,80.8167
82120,Hungama,HB,6.1,80.9333
82125,Ranna,HB,6.1,80.8667
82126,Kahandamodara,HB,6.0686,80.8944
82135,Netolpitiya,HB,6.0667,80.8333
82200,Tangalla,HB,6.0231,80.7889
82220,Angunakolapelessa,HB,6.1644,80.8981
82232,Vitharandeniya,HB,6.1824,80.806
82240,Weeraketiya,HB,6.135,80.7865
82242,Mulkirigala,HB,6.12,80.7397
82246,Wekandawela,HB,6.135,80.7865
82248,Hakuruwela,HB,6.15,80.8333
82252,Julampitiya,HB,6.2261,80.7403
82254,Medamulana,HB,6.1833,80.7667
82270,Middeniya,HB,6.2494,80.7672
82274,Kariyamaditta,HB,6.2583,80.8292
82276,Ratmalwala,HB,6.2667,80.85
82278,Uswewa,HB,6.2589,80.8703
82300,Nakulugamuwa,HB,6.1842,80.9063
82400,Beliatta,HB,6.0333,80.75
82401,Goda Koggalla,HB,6.0333,80.75
82412,Ihala Beligalla,HB,6.0947,80.7411
82414,Nihiluwa,HB,6.0833,80.7
82416,Modarawana,HB,6.1167,80.7167
82418,Yatigala,HB,6.1,80.6833
82420,Getamanna,HB,6.0333,80.6833
82450,Walasmulla,HB,6.15,80.7
82454,Pallekanda,HB,6.6333,80.6667
82456,Horewelagoda,HB,6.3917,80.6833
82458,Bowalagama,HB,6.3917,80.6833
82462,Ittademaliya,HB,6.1667,80.7333
82500,Katuwana,HB,6.2667,80.6972
82504,Uda Gomadiya,HB,6.2667,80.6972
82550,Kirama,HB,6.2117,80.6653
82554,Rammalawarapitiya,HB,6.2117,80.6653
82586,Gangulandeniya,HB,6.2833,80.7167
82600,Tissamaharama,HB,6.2833,81.2833
82602,Gonagamuwa Uduwila,HB,6.25,81.2917
82608,Magama,HB,6.2167,81.3
82612,Ranakeliya,HB,6.2167,81.3
82614,Kirinda,HB,6.2167,81.3333
82615,Weerawila NewTown,HB,6.2556,81.2944
82618,Beralihela,HB,6.2556,81.2944
82619,Ellagala,HB,6.3333,81.25
82622,Kawantissapura,HB,6.2786,81.2524
82632,Weerawila,HB,6.3417,81.15
82634,Lunugamwehera,HB,6.3417,81.15
82636,Padawkema,HB,6.35,81.1667
82638,Udamattala,HB,6.3333,81.1333
 *,Thondamanaru,JA,,
40000,Jaffna,JA,9.6667,80
71000,Kegalle,KE,7.2531,80.3506
71009,Deldeniya,KE,7.2833,80.3667
71014,Hiriwadunna,KE,7.2833,80.3833
71016,Molagoda,KE,7.25,80.3833
71022,Deewala Pallegama,KE,7.2333,80.2667
71029,Yattogoda,KE,7.2333,80.2667
71034,Damunupola,KE,7.1833,80.3333
71035,Watura,KE,7.1833,80.3833
71037,Debathgama,KE,7.1833,80.3583
71039,Pothukoladeniya,KE,7.1833,80.3583
71041,Aruggammana,KE,7.1167,80.3
71044,Beligala(Sab),KE,7.2167,80.2917
71046,Helamada,KE,7.3167,80.2833
71050,Dewalegama,KE,7.2853,80.3186
71055,Imbulgasdeniya,KE,7.2853,80.3186
71060,Nelundeniya,KE,7.2319,80.2669
71062,Tuntota,KE,7.5,79.9167
71063,Mahapallegama,KE,7.366,80.0918
71100,Rambukkana,KE,7.3164,80.3906
71105,Parape,KE,7.3667,80.4167
71106,Thotawella,KE,7.3555,80.3969
71108,Hewadiwela,KE,7.3833,80.3833
71113,Udagaldeniya,KE,7.3583,80.35
71115,Dombemada,KE,7.3833,80.35
71116,Yatagama,KE,7.3333,80.35
71130,Pattampitiya,KE,7.3566,80.3781
71200,Undugoda,KE,7.1361,80.3631
71202,Kabagamuwa,KE,7.1333,80.35
71204,Alawatura,KE,7.1333,80.3333
71208,Bossella,KE,7.1333,80.4
71210,Hettimulla,KE,6.4667,80
71211,Maharangalla,KE,6.4667,80
71220,Morontota,KE,7.1667,80.3667
71222,Gantuna,KE,7.1667,80.3667
71230,Bulathkohupitiya,KE,7.1017,80.3369
71232,Ampagala,KE,7.0833,80.2833
71234,Wegalla,KE,7.1,80.3167
71236,Udapotha,KE,7.1,80.3667
71237,Dedugala,KE,7.1,80.4
71300,Ruwanwella,KE,7.0456,80.2539
71303,Wahakula,KE,7.05,80.2167
71304,Waharaka,KE,7.0833,80.2
71312,Galpatha(Sab),KE,7.05,80.2333
71313,Imbulana,KE,7.0667,80.25
71315,Lewangama,KE,7.05,80.2333
71318,Gonagala,KE,7.0333,80.2167
71320,Amitirigala,KE,7.0306,80.1839
71321,Batuwita,KE,7.05,80.1667
71325,Malmaduwa,KE,7.15,80.2833
71326,Yatapana,KE,7.1333,80.3
71350,Galigamuwa Town,KE,7.2,80.3
71352,Hakahinna,KE,7.2,80.3
71360,Pitagaldeniya,KE,6.45,80.2667
71363,Atale,KE,6.45,80.2667
71370,Kotiyakumbura,KE,7.0833,80.2667
71372,Kannattota,KE,7.0833,80.2667
71400,Dehiowita,KE,6.9706,80.2675
71401,Deloluwa,KE,6.9653,80.3181
71403,Anhettigama,KE,6.9167,80.3667
71407,Noori,KE,6.9508,80.3174
71411,Maliboda,KE,6.8867,80.4128
71417,Hinguralakanda,KE,6.9167,80.3
71418,Boralankada,KE,6.9667,80.3333
71430,Deraniyagala,KE,6.9333,80.3333
71432,Miyanawita,KE,6.9,80.3667
71500,Mawanella,KE,7.2467,80.4425
71501,Kondeniya,KE,7.2667,80.4333
71503,Ambulugala,KE,7.2333,80.4167
71505,Galatara,KE,7.2167,80.4167
71507,Makehelwala,KE,7.2833,80.4667
71508,Alutnuwara,KE,7.2333,80.4667
71510,Ussapitiya,KE,7.2183,80.4514
71520,Hingula,KE,7.25,80.4667
71521,Udumulla,KE,7.45,80.4
71527,Dewanagala,KE,7.2167,80.4667
71530,Hemmatagama,KE,7.1667,80.5
71533,Kehelpannala,KE,7.1667,80.5167
71540,Aranayaka,KE,7.1431,80.4658
71541,Talgaspitiya,KE,7.1667,80.4833
71546,Ambalakanda,KE,7.1333,80.45
71600,Warakapola,KE,7.2258,80.2025
71601,Dorawaka,KE,7.1833,80.2167
71602,Niyadurupola,KE,7.1667,80.2167
71603,Galapitamada,KE,7.14,80.2364
71605,Dunumala,KE,7.1738,80.2074
71607,Algama,KE,7.1533,80.165
71610,Tulhiriya,KE,7.2833,80.2167
71612,Bopitiya (SAB),KE,7.2583,80.2167
71619,Tholangamuwa,KE,7.2333,80.2167
71622,Weragala,KE,6.5219,79.9969
71700,Yatiyantota,KE,7.0242,80.3006
71702,Weeoya,KE,7.0469,80.3502
71704,Malalpola,KE,7.05,80.35
71706,Berannawa,KE,7.0667,80.4
71708,Seaforth Colony,KE,7.0469,80.3502
71712,Welihelatenna,KE,7.0333,80.3333
71715,Hakbellawaka,KE,7.0333,80.3333
71716,Migastenna Sabara,KE,7.0333,80.3333
71720,Kitulgala,KE,6.9944,80.4114
71722,Mahabage,KE,7.0225,80.4333
71724,Teligama,KE,7.0033,80.3647
60000,Kurunegala,KG,7.4867,80.3647
60003,Kudagalgamuwa,KG,7.535,80.3324
60004,Minhettiya,KG,7.5833,80.3
60013,Doratiyawa,KG,7.4667,80.3833
60016,Indulgodakanda,KG,7.4167,80.4
60024,Demataluwa,KG,7.5167,80.2833
60025,Ithanawatta,KG,7.4458,80.3458
60027,Boyagane,KG,7.45,80.35
60028,Kohilagedara,KG,7.4167,80.3667
60029,Kosgolla,KG,7.4,80.3833
60034,Hindagolla,KG,7.4833,80.4167
60036,Ambakote,KG,7.4833,80.4667
60038,Morathiha,KG,7.5167,80.4833
60040,Ridigama,KG,7.55,80.4833
60044,Delwite,KG,7.55,80.5583
60045,Iriyagolla,KG,7.55,80.6333
60047,Alawatuwala,KG,7.55,80.5583
60052,Panagamuwa,KG,7.55,80.4667
60053,Pihimbuwa,KG,7.45,80.5167
60054,Kanadeniyawala,KG,7.4333,80.5333
60058,Pilessa,KG,7.45,80.4167
60060,Mawathagama,KG,7.4167,80.3167
60062,Kahapathwala,KG,7.3,80.4583
60064,Inguruwatta,KG,7.1833,80.6
60066,Meetanwala,KG,7.3,80.4583
60072,Puswelitenna,KG,7.3667,80.3667
60074,Anhandiya,KG,7.2667,80.2667
60076,Buluwala,KG,7.4667,80.4667
60080,Weuda,KG,7.4,80.1667
60094,Uhumiya,KG,7.4667,80.2833
60096,Kalugamuwa,KG,7.45,80.2667
60100,Narammala,KG,7.4344,80.2214
60106,Karagahagedara,KG,7.4833,80.2
60107,Bogamulla,KG,7.4589,80.2107
60108,Lonahettiya,KG,7.4589,80.2107
60112,Pahamune,KG,7.4833,80.2
60121,Metiyagane,KG,7.3942,80.1861
60122,Muruthenge,KG,7.3942,80.1861
60130,Dambadeniya,KG,7.3672,80.1467
60135,Ihala Katugampala,KG,7.3672,80.1467
60140,Giriulla,KG,7.3275,80.1267
60152,Narangoda,KG,7.1908,80.3072
60155,Bopitiya,KG,7.1667,80.2
60156,Elibichchiya,KG,7.3,80.05
60160,Pannala,KG,6.4833,80
60162,Labbala,KG,6.4833,80
60170,Gonawila,KG,7.3167,80
60174,Daraluwa,KG,7.35,79.9833
60176,Sandalankawa,KG,7.3333,79.9917
60181,Horambawa,KG,7.45,80.1833
60182,Alahitiyawa,KG,7.4833,80.1667
60183,Kekunagolla,KG,7.5,80.1667
60184,Kirimetiyawa,KG,7.5247,80.1408
60186,Nakkawatta,KG,7.45,80.15
60188,Kithalawa,KG,7.4816,80.1615
60195,Wewagama,KG,7.4167,80.1
60198,Walakumburumulla,KG,7.4167,80.0167
60200,Kuliyapitiya,KG,7.4708,80.0456
60202,Yakwila,KG,7.3833,80.0333
60204,Wadumunnegedara,KG,7.4167,79.9667
60206,Welpalla,KG,7.4333,80.05
60208,Thalahitimulla,KG,7.4308,80.0191
60209,Madakumburumulla,KG,7.45,80
60211,Ihala Gomugomuwa,KG,7.5167,80.0833
60212,Kirindawa,KG,7.5,80.1
60214,Anukkane,KG,7.5,80.1167
60218,Munamaldeniya,KG,7.55,80.0667
60221,Magulagama,KG,7.55,80.1
60226,Nagollagoda,KG,7.5333,80.0667
60227,Tharana Udawela,KG,7.5333,80.0667
60228,Deegalla,KG,7.5167,80.0333
60232,llukhena,KG,7.5436,79.9819
60236,Padiwela,KG,7.5436,79.9819
60238,lhala Kadigamuwa,KG,7.5436,79.9819
60240,Welipennagahamulla,KG,7.4581,80.0603
60250,Udubaddawa,KG,7.4828,79.9753
60260,Dummalasuriya,KG,7.4833,79.9
60262,Watuwatta,KG,7.5167,79.9167
60266,Etungahakotuwa,KG,7.5167,79.9667
60280,Alawwa,KG,7.2875,80.2536
60284,Wennoruwa,KG,7.3667,80.2167
60286,Maharachchimulla,KG,7.3428,80.2208
60288,Keppitiwalana,KG,7.3353,80.1786
60291,Bujjomuwa,KG,7.4581,80.0603
60292,Nawatalwatta,KG,7.4581,80.0603
60300,Polgahawela,KG,7.3344,80.3031
60304,Metikumbura,KG,7.3615,80.3177
60306,Talawattegedara,KG,7.3833,80.3
60308,Aragoda,KG,7.3667,80.35
60312,Panaliya,KG,7.3333,80.3333
60314,Yatigaloluwa,KG,7.3333,80.2667
60318,Wadakada,KG,7.4039,80.2656
60330,Pothuhera,KG,7.4181,80.3317
60344,Maspotha,KG,7.8667,80.2167
60347,Bamunukotuwa,KG,7.8667,80.2167
60348,Panadaragama,KG,7.8667,80.2167
60350,Katupota,KG,7.5331,80.1897
60354,Moragane,KG,7.5499,80.1615
60356,Kosdeniya,KG,7.5667,80.1333
60400,Wariyapola,KG,7.6333,80.2333
60402,Wellagala,KG,7.6167,80.2833
60404,Malagane,KG,7.65,80.2667
60406,Minuwangete,KG,7.7167,80.25
60408,Mirihanagama,KG,7.6542,80.2583
60410,Kobeigane,KG,7.6558,80.1303
60414,Hengamuwa,KG,7.7,80.1
60416,Alahengama,KG,7.6779,80.1151
60422,Kanattewewa,KG,7.6167,80.2
60424,Bandara Koswatta,KG,7.6083,80.1667
60426,Tuttiripitigama,KG,7.6,80.1333
60430,Hettipola,KG,7.6031,80.0814
60434,Mandapola,KG,7.6333,80.1167
60436,Sunandapura,KG,7.6299,80.0953
60437,Boraluwewa,KG,7.6833,80.05
60438,Kuratihena,KG,7.6,80.1333
60439,Pihimbiya Ratmale,KG,7.6299,80.0953
60441,Halmillawewa,KG,7.5953,79.9972
60450,Bingiriya,KG,7.6,79.9333
60453,Tisogama,KG,7.6065,79.9406
60454,Weerapokuna,KG,7.6528,79.9883
60456,Wellarawa,KG,7.5667,79.9
60458,Hiruwalpola,KG,7.6065,79.9406
60461,Padeniya,KG,7.6569,80.2203
60462,Awulegama,KG,7.6569,80.2203
60464,Welawa Juncton,KG,7.6569,80.2203
60465,Wannigama,KG,7.6569,80.2203
60470,Nikaweratiya,KG,7.7475,80.1156
60472,Divullegoda,KG,7.75,80.2
60474,Hulogedara,KG,7.7833,80.1833
60476,Thimbiriyawa,KG,7.7667,80.1333
60477,Hulugalla,KG,7.7825,80.1378
60478,Sirisetagama,KG,7.7772,80.1506
60479,Mahagirilla,KG,7.8333,80.1333
60482,Nabadewa,KG,7.6833,80.0667
60483,Kotawehera,KG,7.7911,80.1023
60484,Meewellawa,KG,7.85,80.15
60485,Digannewa,KG,7.8811,80.1092
60486,Hilogama,KG,7.75,80.0833
60490,Wannirasnayakapura,KG,7.6889,80.1556
60492,Kadigawa,KG,7.7167,80
60495,Monnekulama,KG,7.8333,80.0667
60499,Torayaya,KG,7.5167,80.4
60500,lbbagamuwa,KG,7.675,80.3667
60502,Kirindigalla,KG,7.5667,80.4833
60506,Kumbukwewa,KG,7.7833,80.25
60508,Kumbukgeta,KG,7.675,80.3667
60512,Maeliya,KG,7.7411,80.4169
60514,Makulpotha,KG,7.7422,80.4467
60516,Mahamukalanyaya,KG,7.7417,80.4318
60518,Periyakadneluwa,KG,7.7417,80.4318
60522,Gokaralla,KG,7.6301,80.3775
60530,Dodangaslanda,KG,7.5667,80.5333
60532,Maduragoda,KG,7.5667,80.5333
60540,Melsiripura,KG,7.65,80.5
60544,Diddeniya,KG,7.6794,80.4753
60546,Hiriyala Lenawa,KG,7.6709,80.4751
60548,Kimbulwanaoya,KG,7.6709,80.4751
60549,Nelliya,KG,7.6833,80.45
60552,Madahapola,KG,7.7061,80.4964
60554,Pansiyagama,KG,7.7061,80.4964
60558,Panliyadda,KG,7.7061,80.4964
60570,Wellawa,KG,7.5553,80.3717
60572,Thalwita,KG,7.5943,80.2108
60578,Makulwewa,KG,7.6333,80.05
60580,Nikadalupotha,KG,7.1167,80.1333
60582,Hunupola,KG,7.1167,80.1333
60584,Thambagalla,KG,7.1167,80.1333
60590,Nagollagama,KG,7.7667,80.3
60600,Maho,KG,7.8228,80.2778
60602,Karambe,KG,7.7833,80.3333
60604,Balalla,KG,7.8,80.25
60606,Ridibendiella,KG,7.802,80.287
60612,Medivawa,KG,7.7678,80.2858
60620,Polpitigama,KG,7.8142,80.4042
60622,Ulpotha Pallekele,KG,7.8071,80.4188
60624,Thalakolawewa,KG,7.8,80.4333
60630,Konwewa,KG,7.8,80.0667
60640,Moragollagama,KG,7.6333,80.2167
60646,Siyambalangamuwa,KG,7.5333,80.35
60650,Ambanpola,KG,7.9236,80.2403
60700,Galgamuwa,KG,8,80.2683
60704,Palukadawala,KG,7.9392,80.2853
60706,Ataragalla,KG,7.9696,80.2768
60712,Gallewa,KG,7.9667,80.3333
60714,Makulewa,KG,7.9833,80.35
60716,Ehetuwewa,KG,7.9333,80.35
60718,Embogama,KG,7.9214,80.3608
60721,Wannikudawewa,KG,7.9977,80.2964
60722,Wannilhalagama,KG,7.9977,80.2964
60724,Mahananneriya,KG,7.9977,80.2964
60731,Mahagalkadawala,KG,8.05,80.2833
60732,Usgala Siyabmalangamuwa,KG,8.0833,80.2111
60734,Tambutta,KG,8.0833,80.2167
60735,Pahalagiribawa,KG,8.0833,80.2111
60736,Saliya Asokapura,KG,8.0833,80.2111
60737,Solepura,KG,8.0833,80.2111
60738,Solewewa,KG,8.0833,80.2111
60739,Warawewa,KG,8.1167,80.1333
60750,Meegalawa,KG,7.9833,80.3833
60752,Girathalana,KG,7.9833,80.3833
60754,Kudakatnoruwa,KG,7.9833,80.3833
12000,Kalutara,KT,6.5761,79.9658
12005,Galpatha,KT,6.5983,80.0015
12006,Yatawara Junction,KT,6.5983,80.0015
12007,Koholana,KT,6.6189,80.0219
12008,Bolossagama,KT,6.5983,80.0015
12009,Remunagoda,KT,6.6,80.0167
12016,Gamagoda,KT,6.6,80
12020,Dodangoda,KT,6.55,80.0167
12024,Bombuwala,KT,6.5833,80.0167
12025,Tebuwana,KT,6.5944,80.0611
12030,Neboda,KT,6.5906,80.0842
12050,Paiyagala,KT,6.5167,80.0167
12055,Halkandawila,KT,6.5167,80.0167
12060,Maggona,KT,6.5031,79.9822
12070,Beruwala,KT,6.4739,79.9842
12074,Padagoda,KT,6.45,80.0167
12078,Kalawila Kiranthidiya,KT,6.4619,80.0004
12080,Alutgama,KT,7.7667,79.9333
12090,Dharga Town,KT,6.648,80.0089
12094,Meegama,KT,6.648,80.0089
12100,Matugama,KT,6.5222,80.1144
12104,Yatadolawatta,KT,6.5333,80.0667
12106,Nawattuduwa,KT,6.5019,80.0937
12108,Welipenna,KT,6.45,80.1
12112,Walagedara,KT,6.45,80.0667
12114,Pannila,KT,6.8667,80.3167
12116,Ittapana,KT,6.4167,80.0833
12118,Halwala,KT,6.4167,80.1
12122,Paraigama,KT,6.4167,80.1167
12124,Yagirala,KT,6.3667,80.1667
12126,Mahakalupahana,KT,6.3917,80.1417
12127,Utumgama,KT,6.3917,80.1417
12130,Meegahatenna,KT,6.3637,80.285
12134,Walallawita,KT,6.3667,80.2
12136,Polgampola,KT,6.3244,80.4383
12138,Pelawatta,KT,6.4,80.2167
12142,Boralugoda,KT,6.4333,80.2667
12144,Pahalahewessa,KT,6.4333,80.2667
12148,Danawala Thiniyawala,KT,6.4333,80.2667
12200,Agalawatta,KT,6.5422,80.1583
12204,Veyangalla,KT,6.5422,80.1583
12210,Mahagama,KT,6.6167,80.1667
12214,Pelanda,KT,6.6056,80.2333
12216,Molkawa,KT,6.6167,80.2333
12218,Kelinkanda,KT,6.5833,80.3
12222,Kitulgoda,KT,6.5167,80.1833
12224,Bellana,KT,6.5167,80.1833
12230,Baduraliya,KT,6.5333,80.2667
12232,Morapitiya,KT,6.5333,80.2667
12234,Hedigalla Colony,KT,6.5333,80.2667
12236,Gurulubadda,KT,6.5333,80.2667
12300,Bulathsinhala,KT,6.675,80.1958
12302,Paragoda,KT,6.6167,80.2333
12304,Delmella,KT,6.6833,80.2
12306,Halwatura,KT,6.7,80.2
12308,Diwalakada,KT,6.7,80.15
12310,Govinna,KT,6.6667,80.1167
12320,Anguruwatota,KT,6.6383,80.0861
12322,Uduwara,KT,6.6167,80.0667
12400,Horana,KT,6.7167,80.06
12404,Pokunuwita,KT,6.7333,80.0333
12410,Gonapola Junction,KT,6.6944,80.0333
12412,Millaniya,KT,6.6944,80.0333
12414,Paragastota,KT,6.6667,80
12416,Dombagoda,KT,6.65,80.05
12418,Kananwila,KT,6.7667,80.05
12422,Millewa,KT,6.7833,80.0667
12424,Miwanapalana,KT,6.75,80.1
12426,Kuda Uduwa,KT,6.7667,80.0667
12428,Kandanagama,KT,6.7667,80.0778
12432,Poruwedanda,KT,6.7333,80.1167
12440,lngiriya,KT,6.7296,80.0604
12500,Panadura,KT,6.7133,79.9042
12524,Alubomulla,KT,6.7103,79.9342
12530,Bandaragama,KT,6.7144,79.9867
12534,Welmilla Junction,KT,6.7072,80.01
12538,Haltota,KT,6.7,80.0333
12550,Kehelwatta,KT,6.75,79.9167
12560,Wadduwa,KT,6.6642,79.9286
12564,Morontuduwa,KT,6.65,79.9667
12580,Waskaduwa,KT,6.6317,79.9442
20000,Kandy,KY,7.2964,80.635
20032,Halloluwa,KY,7.2,80.35
20034,Yatihalagala,KY,7.3,80.6
20042,lhala Kobbekaduwa,KY,7.3167,80.5833
20044,Sangarajapura,KY,7.3167,80.5833
20048,Kulugammana,KY,7.3167,80.5833
20052,Uduwa,KY,7.1167,80.3833
20060,Hataraliyadda,KY,7.3333,80.4667
20062,Aludeniya,KY,7.3667,80.4667
20068,Dedunupitiya,KY,7.3333,80.4333
20072,Nugawela,KY,7.3333,80.2167
20080,Werellagama,KY,7.3167,80.5833
20084,Pallekotuwa,KY,7.3333,80.5667
20086,Kumburegama,KY,7.35,80.55
20092,Harankahawa,KY,7.3,80.15
20094,Udahingulwala,KY,7.3,80.15
20095,Gallellagama,KY,7.3,80.15
20100,Galagedara,KY,7.3683,80.5275
20106,Poholiyadda,KY,7.3508,80.5221
20108,Wettawa,KY,7.3508,80.5221
20109,Minigamuwa,KY,7.3333,80.5167
20112,Pujapitiya,KY,7.3833,80.3167
20118,Pattiya Watta,KY,7.3833,80.3167
20120,Medawala Harispattuwa,KY,7.3417,80.6833
20126,Dolapihilla,KY,7.3833,80.5833
20128,Rambukwella,KY,7.3,80.7833
20132,Batugoda,KY,7.3667,80.5833
20134,Watagoda Harispattuwa,KY,7.3569,80.6012
20136,Ambatenna,KY,7.3472,80.6192
20140,Alawatugoda,KY,6.4167,80
20142,Wilanagama,KY,6.4167,80
20150,Ankumbura,KY,7.4333,80.5667
20152,Galhinna,KY,7.4167,80.5667
20154,Batagolladeniya,KY,7.425,80.5667
20160,Ampitiya,KY,7.2667,80.65
20164,Uduwela,KY,7.2722,80.6667
20166,Tennekumbura,KY,7.2833,80.6667
20168,Kundasale,KY,7.2667,80.6833
20170,Menikhinna,KY,7.3167,80.7
20172,Lunuketiya Maditta,KY,7.3292,80.716
20176,Naranpanawa,KY,7.3417,80.7319
20180,Rajawella,KY,7.2944,80.7111
20184,Gomagoda,KY,7.3167,80.7333
20186,Kengalla,KY,7.3,80.7167
20189,Gurudeniya,KY,7.2667,80.6833
20194,Nattarampotha,KY,7.1167,80.35
20196,Pilawala,KY,7.1167,80.35
20198,Ketawala Leula,KY,7.1167,80.35
20200,Talatuoya,KY,7.2536,80.6925
20202,Etulgama,KY,7.2333,80.65
20204,Nugaliyadda,KY,7.2333,80.7
20206,Kapuliyadde,KY,7.2401,80.6808
20210,Marassana,KY,7.2167,80.7333
20212,Kolabissa,KY,7.225,80.7167
20214,Godamunna,KY,7.2333,80.7
20216,Mahamedagama,KY,7.225,80.7167
20218,Bawlana,KY,7.225,80.7167
20232,Murutalawa,KY,7.3,80.5667
20234,Yahalatenna,KY,7.3,80.5667
20250,Polgolla,KY,7.4167,80.5333
20260,Madawala Bazaar,KY,7.2696,80.6537
20270,Gunnepana,KY,7.2696,80.6537
20300,Kadugannawa,KY,7.2536,80.5275
20306,Ketakumbura,KY,7.2167,80.5833
20308,Balana,KY,7.2667,80.4833
20400,Peradeniya,KY,7.2631,80.6028
20404,Uda Peradeniya,KY,7.2631,80.6028
20409,Megoda Kalugamuwa,KY,7.2631,80.6028
20414,Hindagala,KY,7.2333,80.6
20418,Nillambe,KY,7.15,80.6333
20420,Galaha,KY,7.2,80.6661
20430,Deltota,KY,7.2,80.6667
20438,Handawalapitiya,KY,7.2,80.6667
20440,Hewaheta,KY,7.1108,80.7547
20442,Kiribathkumbura,KY,7.1108,80.7547
20450,Pilimatalawa,KY,7.2333,80.5333
20454,Wattappola,KY,7.2333,80.5333
20465,Danture,KY,7.2833,80.5333
20470,Menikdiwela,KY,7.2833,80.5
20480,Handessa,KY,7.2333,80.5833
20482,Leemagahakotuwa,KY,7.2333,80.5833
20500,Gampola,KY,7.1647,80.5767
20506,Udahentenna,KY,7.0889,80.5189
20510,Dolosbage,KY,7.0806,80.4731
20511,Pattitalawa,KY,7.1167,80.4667
20512,Meetalawa,KY,7.0986,80.4699
20524,Hondiyadeniya,KY,7.1364,80.5766
20526,Muruthagahamulla,KY,7.1364,80.5766
20532,Doluwa,KY,7.6167,80.4167
20544,Panwilatenna,KY,7.1556,80.6314
20546,Pupuressa,KY,7.1272,80.6661
20562,Ulapane,KY,7.1042,80.5628
20564,Mawatura,KY,7.1,80.5667
20574,Atabage,KY,7.1333,80.6
20578,Paradeka,KY,7.1167,80.6167
20580,Pussellawa,KY,7.1089,80.6339
20610,Weligalla,KY,7.1833,80.2
20620,Gelioya,KY,7.2136,80.6017
20640,Velamboda,KY,7.0523,80.5023
20644,Bambaragahaela,KY,7.0523,80.5023
20650,Nawalapitiya,KY,7.055,80.5358
20654,Pasbage,KY,7.0358,80.5262
20656,Gonawalapatana,KY,7.0358,80.5262
20658,Dekinda,KY,7.0167,80.5167
20662,Mapakanda,KY,7.0271,80.5493
20664,Galaboda,KY,6.9875,80.5319
20666,Weligampola,KY,7.0271,80.5493
20676,Rambukpitiya,KY,7.0333,80.5
20702,Mailapitiya,KY,7.1517,80.7118
20708,Unuwinna,KY,7.1517,80.7118
20710,Hanguranketha,KY,7.1517,80.7118
20712,Gonagantenna,KY,7.1517,80.7118
20714,Marymount Colony,KY,7.1517,80.7118
20722,Udawatta,KY,7.4333,80.1333
20724,lllagolla,KY,7.4333,80.1333
20730,Rikillagaskada,KY,7.1453,80.7825
20732,Ekiriya,KY,7.15,80.75
20734,Pallebowala,KY,7.1151,80.8108
20738,Karandagolla,KY,7.05,80.9
20742,Elamulla,KY,7.0833,80.8
20744,Mandaram Nuwara,KY,7.0833,80.8
20748,Maturata,KY,7.0833,80.8
20800,Katugastota,KY,7.3161,80.6211
20802,Udatalawinna,KY,7.3161,80.6211
20810,Wattegama,KY,7.5833,79.9333
20816,Doragamuwa,KY,7.5833,79.9333
20818,Rathukohodigala,KY,7.5833,79.9333
20822,Jambugahapitiya,KY,7.3833,80.6333
20824,Dunuwila,KY,7.3833,80.6333
20828,Makkanigama,KY,7.3833,80.6333
20830,Panvila,KY,7.0667,80.6833
20838,Tawalantenna,KY,7.0667,80.6833
20840,Madulkele,KY,7.3975,80.7319
20850,Akurana,KY,7.65,80.0167
20900,Teldeniya,KY,7.2969,80.7686
20902,Kumbukkandura,KY,7.2969,80.7686
20904,Senarathwela,KY,7.2969,80.7686
20906,Putuhapuwa,KY,7.2969,80.7686
20908,Werapitya,KY,7.2969,80.7686
20914,Wendaruwa,KY,7.3552,80.8375
20916,Udispattuwa,KY,7.3552,80.8375
20921,Makuldeniya,KY,7.3333,80.7833
20922,Rangala,KY,7.3539,80.7853
20923,Mimure,KY,7.4333,80.8333
20924,Kahataliyadda,KY,7.376,80.8213
20926,Kalugala,KY,7.3833,80.8833
20928,Kobonila,KY,7.376,80.8213
20932,Bopana,KY,7.3,80.9
20934,Uduwahinna,KY,7.2833,80.8917
20938,Madugalla,KY,7.2667,80.8833
20940,Medamahanuwara,KY,7.3,80.85
20945,Mahadoraliyadda,KY,7.3,80.85
20948,Hunnasgiriya,KY,7.3,80.85
20950,Ududumbara,KY,7.3552,80.8375
20960,Hasalaka,KY,7.5667,80.625
20965,Ulpothagama,KY,7.7167,80.3167
20966,Batumulla,KY,7.4167,80.9333
20967,Barawardhana Oya,KY,7.5667,80.625
20971,Kolongoda,KY,7.3552,80.8375
20982,Weragantota,KY,7.3167,80.9833
20983,Minipe,KY,7.2167,80.9833
20984,Handaganawa,KY,7.2833,80.9833
20986,Ambagahapelessa,KY,7.2722,80.9833
20990,Rantembe,KY,7.3552,80.8375
41000,Mannar,MB,8.9833,79.9
81000,Matara,MH,5.9486,80.5428
81017,Naimana,MH,6.0715,80.5193
81020,Kekanadurra,MH,6.0715,80.5193
81030,Ratmale,MH,6.45,80.2
81032,Aparekka,MH,6,80.6
81034,Yatiyana,MH,6.0333,80.6
81038,Diyagaha,MH,5.9833,80.5667
81050,Palatuwa,MH,5.9833,80.5167
81051,Sultanagoda,MH,5.9667,80.5
81060,Telijjawila,MH,6.0715,80.5193
81064,Ransegoda,MH,6.0715,80.5193
81070,Makandura,MH,6.1333,80.55
81071,Mulatiyana Junction,MH,6.1833,80.5667
81072,Gomilamawarala,MH,6.1833,80.5667
81074,Rotumba,MH,6.2333,80.5833
81082,Karagoda Uyangoda,MH,6.0715,80.5193
81092,Nadugala,MH,5.9833,80.5333
81100,Kamburupitiya,MH,6.0833,80.5667
81106,Karaputugala,MH,6.0833,80.6
81108,Horapawita,MH,6.1167,80.5833
81160,Devinuwara (Dondra),MH,5.9319,80.6069
81170,Gandara,MH,5.9333,80.6
81180,Kottegoda,MH,6.1667,80.1
81200,Dikwella,MH,5.9667,80.6833
81220,Walasgala,MH,5.9911,80.7019
81230,Urugamuwa,MH,6.0116,80.6437
81280,Thihagoda,MH,6.0167,80.5667
81290,Puhulwella,MH,6.05,80.6167
81294,Walakanda,MH,6.0333,80.65
81300,Hakmana,MH,7.3167,80.8
81302,Narawelpita,MH,7.3167,80.8
81312,Miella,MH,6.1167,80.6833
81314,Denagama,MH,6.1,80.65
81316,Radawela,MH,6.1333,80.6167
81318,Karatota,MH,6.0667,80.6667
81320,Deiyandara,MH,6.15,80.6
81322,Parapamulla,MH,6.15,80.6167
81326,Handugala,MH,6.2,80.6167
81400,Akuressa,MH,6.0964,80.4808
81402,Athuraliya,MH,6.0982,80.4988
81404,Wilpita,MH,6.1,80.5167
81408,Godapitiya,MH,6.0982,80.4988
81412,Bopagoda,MH,6.1561,80.4903
81414,Urumutta,MH,6.1667,80.5167
81416,Maramba,MH,6.1614,80.5035
81422,Diyalape,MH,6.1333,80.45
81424,Maliduwa,MH,6.1333,80.4167
81450,Pitabeddara,MH,6.2167,80.45
81452,Deegala Lenama,MH,6.2333,80.45
81454,Derangala,MH,6.25,80.45
81456,Kiriwelkele,MH,6.2333,80.45
81462,Siyambalagoda,MH,6.7833,79.9667
81470,Morawaka,MH,6.25,80.4833
81472,Pahala Millawa,MH,6.3428,80.4418
81474,Paragala,MH,6.6,80.3333
81475,Alapaladeniya,MH,6.2833,80.45
81477,Dellawa,MH,6.3333,80.45
81478,Kalubowitiyana,MH,6.3167,80.4
81479,Waralla,MH,6.2736,80.5339
81480,Kotapola,MH,6.3,80.5333
81500,Deniyaya,MH,6.3436,80.5639
81508,Viharahena,MH,6.3667,80.5833
81514,Kiriweldola,MH,6.3667,80.5333
81522,Kolawenigama,MH,6.35,80.4667
81524,Mediripitiya,MH,6.35,80.4667
81526,Lankagama,MH,6.35,80.4667
81532,Moragala Kirillapone,MH,6.8333,80.3
81538,Pothdeniya,MH,6.8333,80.3
81541,Beralapanathara,MH,6.4521,80.4894
81600,Urubokka,MH,6.3047,80.6297
81612,Dampahala,MH,6.2778,80.6256
81614,Bengamuwa,MH,6.2667,80.6
81615,Pasgoda,MH,6.2722,80.6128
81700,Weligama,MH,5.9667,80.4167
81722,Penetiyana,MH,6.0333,80.45
81730,Denipitiya,MH,5.9667,80.45
81740,Mirissa,MH,5.9333,80.45
81750,Kamburugamuwa,MH,5.9486,80.5006
70250,Sewanagala,MJ,6.3406,80.7804
70252,Kiriibbanwewa,MJ,6.3406,80.7804
70254,Ekamutugama,MJ,6.3406,80.7804
70256,Mahagama Colony,MJ,6.3406,80.7804
91000,Monaragala,MJ,6.8667,81.35
91002,Pangura,MJ,6.9833,81.3167
91003,Nakkala,MJ,6.8833,81.3
91004,Hulandawa,MJ,6.85,81.3333
91005,Wedikumbura,MJ,6.8333,81.3833
91006,Marawa,MJ,6.8167,81.3667
91007,Obbegoda,MJ,6.8786,81.3476
91008,Galabedda,MJ,6.9167,81.3833
91010,Dombagahawela,MJ,6.9,81.4333
91020,Ethimalewewa,MJ,6.9216,81.3833
91022,Wilaoya,MJ,6.9216,81.3833
91024,Kotiyagala,MJ,6.8,80.6833
91030,Siyambalanduwa,MJ,6.9,81.55
91032,Kandaudapanguwa,MJ,6.9667,81.5167
91038,Buddama,MJ,7.0333,81.4833
91040,Inginiyagala,MJ,7.2167,81.5333
91042,Nelliyadda,MJ,7.2167,81.5333
91050,Dambagalla,MJ,6.95,81.3667
91052,Mariarawa,MJ,6.9833,81.4667
91054,Uva Gangodagama,MJ,7.0056,81.4222
91056,Ruwalwela,MJ,7.0056,81.4222
91058,Baduluwela,MJ,7.0833,81.4333
91060,Okkampitiya,MJ,6.75,81.2833
91070,Badalkumbura,MJ,6.9,81.2333
91098,Kumbukkana,MJ,6.8,81.3
91100,Buttala,MJ,6.75,81.2333
91108,Moretuwegama,MJ,6.75,81.2333
91112,Uva Pelwatta,MJ,6.75,81.2333
91198,Warunagama,MJ,6.75,81.2333
91200,Wellawaya,MJ,6.7333,81.1
91202,Siyambalagune,MJ,6.8,81.1333
91204,Randeniya,MJ,6.8,81.1167
91206,Weherayaya Handapanagala,MJ,6.7778,81.1167
91250,Ettiliwewa,MJ,6.73,81.12
91295,Balaharuwa,MJ,6.5667,81.05
91298,Uva Kudaoya,MJ,6.75,81.2
91300,Tanamalwila,MJ,6.4333,81.1333
91302,Angunakolawewa,MJ,6.4167,81.0833
91306,Suriara,MJ,6.4636,81.053
91308,Hambegamuwa,MJ,6.5408,80.9422
91312,Kotawehera Mankada,MJ,6.4636,81.053
91400,Kataragama,MJ,6.4167,81.3333
91405,Sella Kataragama,MJ,6.4167,81.3333
91500,Bibile,MJ,7.1667,81.2167
91502,Ekiriyankumbura,MJ,7.3,81.2167
91505,Pitakumbura,MJ,7.1833,81.2833
91508,Nilgala,MJ,7.1833,81.3667
91512,Kotagama,MJ,7.1333,81.1833
91514,Diyakobala,MJ,7.1056,81.2222
91516,Ayiwela,MJ,7.1,81.2333
91519,Nannapurawa,MJ,7.0833,81.25
91550,Medagana,MJ,6.9333,81.2833
91552,Kandawinna,MJ,6.9333,81.2833
91554,Bakinigahawela,MJ,6.9333,81.2833
42000,Mullativu,MP,,
21000,Matale,MT,7.4717,80.6244
21004,Alwatta,MT,7.45,80.6667
21006,Udatenna,MT,7.4167,80.65
21008,Leliambe,MT,7.4346,80.6519
21009,Wehigala,MT,7.4,80.6667
21012,Elkaduwa,MT,7.4208,80.6831
21014,Karagahinna,MT,7.3604,80.3832
21016,Katudeniya,MT,7.3,80.0833
21020,Ovilikanda,MT,7.45,80.5667
21032,Dankanda,MT,7.5333,80.7
21042,Kiwula,MT,7.4917,80.625
21044,Muwandeniya,MT,7.4667,80.65
21046,Dunkolawatta,MT,7.4917,80.625
21048,Walawela,MT,7.5167,80.6
21051,Udasgiriya,MT,7.5333,80.5667
21054,Dullewa,MT,7.5,80.6
21055,Melipitiya,MT,7.5458,80.5833
21056,Yatawatta,MT,7.5667,80.5831
21058,Selagama,MT,7.5833,80.5833
21062,Metihakka,MT,7.5333,80.65
21064,Imbulgolla,MT,7.5667,80.6667
21066,Kaikawala,MT,7.5,80.65
21068,Gammaduwa,MT,7.5667,80.7
21070,Palapathwela,MT,7.9,80.2
21072,Kavudupelella,MT,7.5914,80.6258
21074,Madawala Ulpotha,MT,7.703,80.5051
21076,Opalgala,MT,7.6175,80.6894
21082,Nalanda,MT,7.6756,80.6431
21090,Naula,MT,7.7047,80.6542
21094,Lenadora,MT,7.7519,80.6608
21100,Dambulla,MT,7.86,80.6517
21106,Kandalama,MT,7.8667,80.7167
21108,Erawula Junction,MT,7.8633,80.6842
21112,Kalundawa,MT,7.8,80.7167
21114,Wewalawewa,MT,7.8103,80.6669
21116,Talakiriyagama,MT,7.8206,80.6172
21120,Sigiriya,MT,7.95,80.75
21122,Kibissa,MT,7.9397,80.7278
21124,Inamaluwa,MT,7.9325,80.685
21140,Mahawela,MT,7.5839,80.6094
21142,Akuramboda,MT,7.65,80.6
21144,Mananwatta,MT,7.6169,80.6047
21152,Pallepola,MT,7.6244,80.6014
21154,Millawana,MT,7.6503,80.5772
21156,Madipola,MT,7.6833,80.5833
21160,Wahacotte,MT,7.7142,80.5972
21200,Galewela,MT,7.7589,80.5683
21206,Dewahuwa,MT,7.7589,80.5683
21212,Bambaragaswewa,MT,7.7833,80.5333
21214,Beligamuwa,MT,7.7167,80.55
21300,Ukuwela,MT,7.4133,80.6422
21400,Rattota,MT,7.5217,80.6847
21402,Etanawala,MT,7.5217,80.6847
21404,Gangala Puwakpitiya,MT,7.5217,80.6847
21406,lllukkumbura,MT,7.5217,80.6847
21408,Welangahawatte,MT,7.5217,80.6847
21500,Kongahawela,MT,7.6833,80.7
21502,Pubbiliya,MT,7.3833,80.4833
21504,Ambana,MT,7.65,80.6833
21506,Talagoda Junction,MT,7.5722,80.6222
21512,Ataragallewa,MT,7.5333,80.6067
21514,Hattota Amuna,MT,7.5333,80.6067
21520,Laggala Pallegama,MT,7.5333,80.6067
21524,Ranamuregama,MT,7.5333,80.6067
21530,Wilgamuwa,MT,7.3667,80.2
21532,Perakanatta,MT,7.3667,80.2
21534,Nugagolla,MT,7.3667,80.2
21536,Handungamuwa,MT,7.3667,80.2
21538,Dunuwilapitiya,MT,7.3667,80.2
21552,Devagiriya,MT,7.5833,80.9667
21554,Maraka,MT,7.5833,80.9667
20560,Kotmale,NW,7.0214,80.5942
20566,Maswela,NW,7.0667,80.6333
20567,Doragala,NW,7.0731,80.5892
20568,Nayapana Janapadaya,NW,7.0731,80.5892
20588,Katukitula,NW,7.1089,80.6339
20590,Ramboda,NW,7.0442,80.6919
20592,Labukele,NW,7.0442,80.6919
20660,Ketaboola,NW,7.0271,80.5493
20668,Hapugastalawa,NW,7.0667,80.5667
20669,Harangalagama,NW,7.0271,80.5493
20670,Nawathispane,NW,7.0333,80.5
20678,Ambagamuwa Udabulathgama,NW,7.0333,80.5
20680,Ginigathena,NW,6.9864,80.4894
20682,Pitawala,NW,7,80.45
20684,Dagampitiya,NW,6.9833,80.4667
20686,Ambatalawa,NW,7.05,80.6667
20688,Kelanigama,NW,7.0049,80.5182
20750,Padiyapelella,NW,7.0833,80.8
20752,Munwatta,NW,7.1167,80.8167
22000,Hatton,NW,6.8972,80.5958
22002,Dunukedeniya,NW,7,80.6333
22008,Rozella,NW,6.9306,80.5531
22010,Watawala,NW,6.9547,80.5253
22012,Patana,NW,6.1333,80.1167
22018,Wijebahukanda,NW,7.0167,80.6167
22021,Maldeniya,NW,6.9306,80.2747
22024,Hedunuwewa,NW,6.9306,80.2747
22032,Widulipura,NW,6.8952,80.5088
22034,Laxapana,NW,6.8952,80.5088
22036,Morahenagama,NW,6.8952,80.5088
22040,Kottellena,NW,6.9333,80.4583
22044,Hangarapitiya,NW,6.9167,80.4667
22046,Hitigegama,NW,6.95,80.45
22050,Dikoya,NW,6.8786,80.6272
22058,Norwood,NW,6.8333,80.6167
22060,Bogawantalawa,NW,6.8,80.6833
22070,Maskeliya,NW,6.8358,80.5703
22075,Nissanka Uyana,NW,6.8358,80.5703
22080,Kotagala,NW,7.45,80.2333
22090,Lindula,NW,6.9011,80.6694
22094,Agarapathana,NW,6.9011,80.6694
22095,Bopattalawa,NW,6.9011,80.6694
22096,Dayagama Bazaar,NW,6.9011,80.6694
22100,Talawakele,NW,6.9367,80.6611
22110,Watagoda,NW,7.4,80.5833
22120,Pundaluoya,NW,7.0147,80.6717
22150,Nanuoya,NW,7.1171,80.6387
22200,Nuwara Eliya,NW,6.9697,80.77
22202,Santhipura,NW,6.9697,80.77
22208,Haggala,NW,6.9697,80.77
22212,Ruwaneliya,NW,6.8667,80.8167
22214,Mipilimana,NW,6.8667,80.8167
22216,Ambewela,NW,6.8667,80.8167
22220,Kandapola,NW,6.9917,80.8194
22226,Gonakele,NW,6.9917,80.8194
22240,Halgranoya,NW,7.0417,80.8917
22245,Rupaha,NW,7.0333,80.9
22246,Kumbukwela,NW,7.05,80.8833
22250,Udapussallawa,NW,7.0333,80.9111
22252,Kurupanawela,NW,7.0167,80.9
22254,Mipanawa,NW,7.0333,80.9167
22256,Madulla,NW,7.05,80.9167
22262,Harasbedda,NW,7.0517,80.875
22270,Walapane,NW,7.1108,80.8581
22272,Kumbalgamuwa,NW,7.1108,80.8581
22274,Keerthi Bandarapura,NW,7.1108,80.8581
22280,Nildandahinna,NW,7.0833,80.8833
22282,Kalaganwatta,NW,7.1,80.9
22285,Udamadura,NW,7.1,80.9167
22287,Teripeha,NW,7.1189,80.9244
51000,Polonnaruwa,PR,7.9333,81
51002,Kalingaela,PR,7.9583,81.0417
51004,Onegama,PR,7.9833,81.0833
51006,Lakshauyana,PR,7.9583,81.0417
51008,Unagalavehera,PR,7.9583,81.0417
51014,Alutwewa,PR,7.8667,79.95
51016,Parakramasamudraya,PR,7.8667,79.95
51024,Jayanthipura,PR,8,81
51026,Giritale,PR,7.9833,80.9333
51031,Dimbulagala,PR,7.9167,80.55
51032,Kashyapapura,PR,7.9167,80.55
51033,Pelatiyawa,PR,7.9167,80.55
51034,Ellewewa,PR,7.9167,80.55
51037,Kalukele Badanagala,PR,7.9167,80.55
51039,Nuwaragala,PR,7.9167,80.55
51042,Wijayabapura,PR,8.0167,81.0833
51044,Talpotha,PR,8.0167,81.0833
51046,Palugasdamana,PR,8.0167,81.0833
51049,Tambala,PR,8.0167,81.0833
51050,Pulastigama,PR,7.67,80.565
51052,Sungavila,PR,7.67,80.565
51062,Sevanapitiya,PR,7.3667,80.1667
51064,Mutugala,PR,7.3667,80.1667
51066,Nawasenapura,PR,7.3667,80.1667
51070,Welikanda,PR,6.3167,80.0333
51072,Aselapura,PR,6.3167,80.0333
51076,Mahawela Sinhapura,PR,6.3167,80.0333
51089,Tamankaduwa,PR,7.67,80.565
51090,Mampitiya,PR,7.3167,79.85
51092,Dalukana,PR,7.3167,79.85
51094,Dewagala,PR,7.3167,79.85
51096,Nelumwewa,PR,7.3167,79.85
51098,Hansayapalama,PR,7.3167,79.85
51100,Aralaganwila,PR,7.696,80.5842
51102,Pimburattewa,PR,7.696,80.5842
51104,Divuldamana,PR,7.696,80.5842
51106,Damminna,PR,7.696,80.5842
51108,Maduruoya,PR,7.696,80.5842
51225,Diyabeduma,PR,7.8833,80.8833
51235,Attanakadawala,PR,7.85,80.8667
51244,Kottapitiya,PR,7.6333,79.8167
51246,Jayasiripura,PR,7.6333,79.8167
51250,Bakamuna,PR,7.7833,80.8167
51256,Orubendi Siyambalawa,PR,7.7539,80.8025
51258,Elahera,PR,7.7244,80.7883
51375,Galoya Junction,PR,7.696,80.5842
51378,Sinhagama,PR,7.696,80.5842
51400,Hingurakgoda,PR,8.0333,80.95
51408,Hingurakdamana,PR,8.0375,81.0297
51410,Minneriya,PR,8.0333,80.9
51412,Kumaragama,PR,7.75,80.3833
51414,Kawudulla,PR,7.75,80.3833
51416,Galamuna,PR,7.4667,79.8667
51422,Yodaela,PR,7.5833,79.8667
51424,Yudaganawa,PR,6.7667,81.2333
51428,Divulankadawala,PR,7.175,80.55
51500,Medirigiriya,PR,7.8167,80.1833
51504,Diyasenpura,PR,7.8167,80.1833
51506,Mahatalakolawewa,PR,7.8167,80.1833
51508,Meegaswewa,PR,7.8167,80.1833
51514,Kawuduluwewa Stagell,PR,7.8167,80.1833
51518,Maha Ambagaswewa,PR,7.8167,80.1833
61000,Chilaw,PX,7.5758,79.7953
61004,Udappuwa,PX,7.5758,79.7953
61006,Wijeyakatupotha,PX,7.5758,79.7953
61008,Wilpotha,PX,7.5758,79.7953
61012,Adippala,PX,7.5833,79.8417
61014,Mugunuwatawana,PX,7.5833,79.85
61018,Ilippadeniya,PX,7.5833,79.8333
61022,Karawitagara,PX,7.5333,79.8
61024,Ambakandawila,PX,7.5333,79.8
61032,Kumarakattuwa,PX,7.65,79.9
61040,Pallama,PX,7.6828,79.9222
61042,Serukele,PX,7.7333,79.9167
61110,Waikkal,PX,7.2833,79.85
61120,Nainamadama,PX,7.3714,79.8837
61130,Dankotuwa,PX,7.2967,79.8883
61136,Bujjampola,PX,7.3333,79.9
61138,Lihiriyagama,PX,7.3447,79.9425
61144,Yogiyana,PX,7.2833,79.9167
61150,Lunuwila,PX,7.3436,79.8617
61154,Ihala Kottaramulla,PX,7.3814,79.8742
61158,Koswatta,PX,7.3667,79.9
61162,Pothuwatawana,PX,7.4833,79.9
61170,Wennappuwa,PX,7.3467,79.8367
61180,Katuneriya,PX,7.3667,79.8333
61190,Nattandiya,PX,7.4086,79.8683
61192,Dunkannawa,PX,7.4167,79.9
61195,Muttibendiwila,PX,7.45,79.8833
61198,Watugahamulla,PX,7.4667,79.9
61210,Marawila,PX,7.4094,79.8322
61220,Mahawewa,PX,7.5167,79.9167
61224,Toduwawa,PX,7.4861,79.8022
61226,Kudawewa,PX,6.4167,81.0333
61230,Madampe,PX,7.5,79.8333
61233,Galmuruwa,PX,7.5,79.8833
61234,Panirendawa,PX,7.55,79.8833
61236,Kakkapalliya,PX,7.5333,79.8267
61238,Bangadeniya,PX,7.6275,79.8267
61242,Rajakadaluwa,PX,7.6486,79.8333
61244,Nalladarankattuwa,PX,7.7,79.8333
61246,Battuluoya,PX,7.6743,79.8333
61250,Mundel,PX,7.7958,79.8283
61252,Kottantivu,PX,7.85,79.7833
61262,Baranankattuwa,PX,7.7833,79.85
61264,Angunawila,PX,7.7667,79.85
61266,Mangalaeliya,PX,7.775,79.85
61270,Madurankuliya,PX,7.875,79.825
61272,Mahakumbukkadawala,PX,7.85,79.9
61274,Mukkutoduwawa,PX,7.9,79.75
61280,Palaviya,PX,7.5785,79.9098
61300,Puttalam,PX,8.0333,79.8167
61302,Ismailpuram,PX,8.0333,79.8167
61306,Vanathawilluwa,PX,8.0333,79.8167
61307,Karativponparappi,PX,8.0333,79.8167
61308,Eluwankulama,PX,8.0333,79.8167
61312,Sirambiadiya,PX,8.1,80.2667
61314,Karuwalagaswewa,PX,8.05,79.9667
61316,Ihala Puliyankulama,PX,8.15,80.5667
61322,Tabbowa,PX,7.4167,79.8833
61324,Saliyawewa Junction,PX,7.4167,79.8833
61326,Puttalam Cement Factory,PX,7.4167,79.8833
61328,Attawilluwa,PX,7.4167,79.8833
61341,Mampuri,PX,7.9964,79.7411
61342,Norachcholai,PX,7.9964,79.7411
61343,Ettale,PX,7.9964,79.7411
61344,Talawila Church,PX,7.9964,79.7411
61354,Palliwasalturai,PX,7.98,79.9569
61356,Kurinjanpitiya,PX,7.98,79.9569
61358,Kandakuliya,PX,7.98,79.9569
61360,Kalpitiya,PX,8.2333,79.7667
61362,Kirimundalama,PX,8.2333,79.7667
61500,Anamaduwa,PX,7.8775,80.0144
61502,Uridyawa,PX,7.8239,79.978
61504,Siyambalagashene,PX,7.8239,79.978
61506,Mudalakkuliya,PX,7.8167,79.9667
61508,Andigama,PX,7.7775,79.9528
61512,Mahauswewa,PX,7.9575,80.0683
61514,Inginimitiya,PX,7.95,80.1333
61516,Kuruketiyawa,PX,8.0167,80.05
61520,Nawagattegama,PX,8,80.1167
61532,Kottukachchiya,PX,7.95,79.9333
61534,Kalladiya,PX,7.95,79.9333
70000,Ratnapura,RN,6.6828,80.3992
70001,Malwala Junction,RN,6.7,80.4333
70002,Gillimale,RN,6.729,80.4415
70004,Sri Palabaddala,RN,6.7833,80.45
70005,Kudawa,RN,6.75,80.4833
70012,Hidellana,RN,6.7192,80.3842
70016,Kahangama,RN,6.7033,80.3583
70017,Dodampe,RN,6.7333,80.3333
70018,Karangoda,RN,6.6833,80.3667
70019,Dambuluwana,RN,6.7167,80.3333
70021,Medagalatur,RN,6.6414,80.2882
70024,Ayagama,RN,6.6406,80.3097
70026,Gawaragiriya,RN,6.6422,80.2667
70032,Elapatha,RN,6.65,80.3667
70034,Udaniriella,RN,6.65,80.3667
70036,Ratna Hangamuwa,RN,6.65,80.3667
70038,Niralagama,RN,6.65,80.3667
70041,Marapana,RN,7.2333,80.35
70042,Dela,RN,6.6258,80.4486
70044,Udakarawita,RN,6.7317,80.4287
70045,Pebotuwa,RN,6.55,80.45
70046,Delwala,RN,6.5178,80.4661
70056,Lellopitiya,RN,6.6667,80.4833
70062,Gallella,RN,6.85,80.35
70066,Wewelwatta,RN,6.85,80.35
70070,Pelmadulla,RN,6.6244,80.5519
70080,Opanayaka,RN,6.5833,80.6667
70082,Akarella,RN,6.5833,80.6667
70100,Balangoda,RN,6.6492,80.6722
70101,Talakolahinna,RN,6.5844,80.7332
70104,Weligepola,RN,6.5667,80.7
70105,Hatangala,RN,6.5397,80.7436
70106,Handagiriya,RN,6.5167,80.8
70108,Hatarabage,RN,6.65,80.75
70112,Mahawalatenna,RN,6.5833,80.75
70114,Wikiliya,RN,6.6203,80.7467
70116,Rajawaka,RN,6.6,80.7833
70117,Mulgama,RN,6.65,80.8167
70118,Tanjantenna,RN,6.6361,80.8536
70122,Kaltota,RN,6.6833,80.6833
70124,Welipathayaya,RN,6.6833,80.6833
70127,Meddekanda,RN,6.6833,80.6833
70129,Morahela,RN,6.6833,80.6833
70130,Pinnawala,RN,6.7167,80.6833
70131,Bolthumbe,RN,6.7159,80.6375
70133,Pambagolla,RN,6.7333,80.6833
70134,lmbulpe,RN,6.7159,80.6375
70135,Rassagala,RN,6.6964,80.6375
70136,Gurubewilagama,RN,6.7,80.5667
70138,Waleboda,RN,6.7333,80.6167
70140,Belihuloya,RN,7.2667,80.2167
70142,Samanalawewa,RN,7.2667,80.2167
70144,Ihalagama,RN,7.2667,80.3333
70145,Halpe,RN,7.2667,80.1
70150,Kahawatta,RN,6.7167,80.3
70152,Panapitiya,RN,7.4167,80.1833
70154,Udaha Hawupe,RN,7.05,80.2833
70156,Gabbela,RN,6.7167,80.35
70158,Madalagama,RN,7.35,80.3
70160,Godakawela,RN,6.5003,80.6497
70162,Ranwala,RN,6.55,80.6833
70164,Hapugastenna,RN,7.1,80.1667
70165,NawinnaPinnakanda,RN,6.7168,80.4999
70170,Pallebedda,RN,6.45,80.7333
70171,Halwinna,RN,6.6833,80.7167
70180,Kolambageara,RN,6.7516,80.5927
70190,Udawalawe,RN,6.7516,80.5927
70195,Gangeyaya,RN,6.7516,80.5927
70200,Embilipitiya,RN,6.3439,80.8489
70205,Tunkama,RN,6.2833,80.8833
70212,Mulendiyawala,RN,6.3,80.75
70215,Omalpe,RN,6.3333,80.6833
70218,Panamura,RN,6.3167,80.7167
70230,Padalangala,RN,6.25,80.9167
70294,Atakalanpanna,RN,6.5333,80.6
70296,Hiramadagama,RN,6.5333,80.6
70298,Makandura Sabara,RN,6.5333,80.6
70300,Rakwana,RN,7.9,80.4
70332,Demuwatha,RN,7.35,80.1667
70338,Pothupitiya,RN,7.35,80.1667
70342,Ittakanda,RN,6.4,80.6333
70344,Bomluwageaina,RN,6.4,80.6333
70345,Ullinduwawa,RN,6.3667,80.6167
70346,Bulutota,RN,6.4333,80.65
70348,Vijeriya,RN,6.4,80.6333
70350,Kolonna,RN,6.4,80.6833
70352,Kella Junction,RN,6.4,80.6833
70400,Nivitigala,RN,6.6,80.4553
70403,Kolombugama,RN,6.5667,80.4833
70404,Doloswalakanda,RN,6.5833,80.4693
70408,Watapotha,RN,6.5833,80.4693
70450,Kalawana,RN,6.5369,80.4078
70455,Daugala,RN,6.4901,80.4248
70456,Waturawa,RN,6.4833,80.4333
70459,Veddagala,RN,6.45,80.4333
70461,Panapola,RN,6.4333,80.4667
70469,Nawalakanda,RN,6.5167,80.3333
70472,Pimbura,RN,6.5667,80.15
70480,Kiriella,RN,6.75,80.2667
70482,Matuwagalagama,RN,6.7667,80.2333
70488,Karandana,RN,6.7833,80.2
70492,Ellagawa,RN,6.5687,80.363
70494,Minipura Dumbara,RN,6.5687,80.363
70495,Dumbara Manana,RN,6.5687,80.363
70500,Kuruwita,RN,6.7792,80.3686
70502,Sudagala,RN,6.7833,80.4
70504,Batatota,RN,6.8333,80.3667
70506,Eratna,RN,6.7986,80.3784
70512,Teppanawa,RN,6.75,80.3167
70550,Parakaduwa,RN,6.8333,80.3
70552,Ellaulla,RN,6.8583,80.3083
70556,Godagampola,RN,6.8833,80.3167
70600,Eheliyagoda,RN,6.85,80.2667
70602,Erepola,RN,6.8,80.2333
70604,Mitipola,RN,6.8333,80.2167
70606,Ellawala,RN,6.8,80.2667
70612,Panawala,RN,6.9833,80.0333
70620,Getahetta,RN,6.9128,80.2358
31000,Trincomalee,TC,8.5667,81.2333
31006,Sampaltivu,TC,8.6167,81.2
31010,Nilaveli,TC,8.6833,81.2
31012,Kumburupiddy,TC,8.7333,81.15
31014,Kuchchaveli,TC,8.8167,81.1
31016,Tiriyayi,TC,8.7444,81.15
31026,Gomarankadawala,TC,8.6667,80.95
31028,Buckmigama,TC,8.6667,80.95
31032,Kanniya,TC,8.6333,81.0167
31034,Pankulam,TC,8.6333,81.0167
31036,Mahadivulwewa,TC,8.6333,81.0167
31038,Rottawewa,TC,8.6333,81.0167
31046,Tampalakamam,TC,8.4925,81.0964
31050,Chinabay,TC,8.5167,81.1833
31053,Vellamanal,TC,8.5167,81.1833
31100,Kinniya,TC,8.4989,81.1897
31106,Maharugiramam,TC,8.4989,81.1897
31112,Kurinchakemy,TC,8.4989,81.1897
31200,Mutur,TC,8.45,81.2667
31212,Kaddaiparichchan,TC,8.45,81.2833
31216,Sampur,TC,8.4833,81.2833
31220,Kiliveddy,TC,8.4458,81.2875
31222,Somapura,TC,8.4458,81.2875
31224,Mallikativu,TC,8.4458,81.2875
31226,Dehiwatte,TC,8.4458,81.2875
31228,Neelapola,TC,8.4458,81.2875
31232,Serunuwara,TC,8.4458,81.2875
31234,Lankapatuna,TC,8.4458,81.2875
31236,Echchilampattai,TC,8.4458,81.2875
31238,Mawadichenai,TC,8.4458,81.2875
31250,Toppur,TC,8.4,81.3167
31260,Seruwila,TC,8.4458,81.2875
31300,Kantalai,TC,8.3683,81.0281
31304,Agbopura,TC,8.3683,81.0281
31306,Kantalai Sugar Factory,TC,8.3683,81.0281
31308,Wanela,TC,8.3683,81.0281
31312,Mullipothana,TC,8.3683,81.0281
31314,Sirajnagar,TC,8.3683,81.0281
31318,Galmetiyawa,TC,8.3683,81.0281
43000,Vavuniya,VA,8.75,80.5
,,,,
,,,,
,,,,
